Customer_ID,Customer_Name,Age,Gender,City,State,Country,Account_Open_Date,KYC_Status
CUST0001,Customer_1,23,Male,Trichy,Tamil Nadu,India,2022-02-27,Verified
CUST0002,Customer_2,30,Male,Nagpur,Maharashtra,India,2022-02-17,Rejected
CUST0003,Customer_3,59,Male,Madurai,Tamil Nadu,India,2020-05-14,Verified
CUST0004,Customer_4,35,Female,Madurai,Tamil Nadu,India,2019-04-22,Rejected
CUST0005,Customer_5,57,Female,Chennai,Tamil Nadu,India,2019-02-12,Pending
CUST0006,Customer_6,50,Male,Nagpur,Maharashtra,India,2021-04-21,Verified
CUST0007,Customer_7,49,Male,Mumbai,Maharashtra,India,2019-11-28,Verified
CUST0008,Customer_8,43,Male,Pune,Maharashtra,India,2018-07-29,Pending
CUST0009,Customer_9,44,Male,Trichy,Tamil Nadu,India,2022-10-02,Rejected
CUST0010,Customer_10,24,Male,Delhi,Delhi,India,2022-02-03,Rejected
CUST0011,Customer_11,46,Female,Trichy,Tamil Nadu,India,2018-06-11,Verified
CUST0012,Customer_12,45,Female,Bhopal,Madhya Pradesh,India,2021-03-28,Verified
CUST0013,Customer_13,64,Male,Coimbatore,Tamil Nadu,India,2019-04-12,Verified
CUST0014,Customer_14,28,Male,Nagpur,Maharashtra,India,2020-02-18,Pending
CUST0015,Customer_15,32,Male,Bengaluru,Karnataka,India,2020-01-29,Verified
CUST0016,Customer_16,65,Male,Delhi,Delhi,India,2021-08-20,Rejected
CUST0017,Customer_17,56,Female,Mumbai,Maharashtra,India,2022-02-02,Verified
CUST0018,Customer_18,46,Female,Kolkata,West Bengal,India,2019-07-07,Verified
CUST0019,Customer_19,25,Male,Lucknow,Uttar Pradesh,India,2019-04-15,Verified
CUST0020,Customer_20,39,Female,Mysuru,Karnataka,India,2018-05-16,Rejected
CUST0021,Customer_21,35,Male,Lucknow,Uttar Pradesh,India,2021-09-04,Pending
CUST0022,Customer_22,31,Female,Kolkata,West Bengal,India,2019-06-27,Verified
CUST0023,Customer_23,56,Female,Jaipur,Rajasthan,India,2019-06-23,Pending
CUST0024,Customer_24,47,Female,Chandigarh,Punjab,India,2020-01-12,Verified
CUST0025,Customer_25,53,Male,Surat,Gujarat,India,2018-07-06,Verified
CUST0026,Customer_26,62,Male,Salem,Tamil Nadu,India,2018-11-24,Rejected
CUST0027,Customer_27,46,Female,Madurai,Tamil Nadu,India,2020-02-21,Pending
CUST0028,Customer_28,38,Male,Surat,Gujarat,India,2021-02-07,Verified
CUST0029,Customer_29,39,Male,Jaipur,Rajasthan,India,2022-04-24,Verified
CUST0030,Customer_30,49,Male,Noida,Uttar Pradesh,India,2018-11-20,Verified
CUST0031,Customer_31,54,Female,Delhi,Delhi,India,2022-04-10,Rejected
CUST0032,Customer_32,62,Female,Trichy,Tamil Nadu,India,2019-09-04,Rejected
CUST0033,Customer_33,31,Female,Pune,Maharashtra,India,2020-02-05,Rejected
CUST0034,Customer_34,22,Male,Surat,Gujarat,India,2021-05-11,Pending
CUST0035,Customer_35,29,Male,Chennai,Tamil Nadu,India,2020-01-14,Verified
CUST0036,Customer_36,37,Female,Coimbatore,Tamil Nadu,India,2022-12-04,Verified
CUST0037,Customer_37,53,Male,Madurai,Tamil Nadu,India,2022-07-30,Rejected
CUST0038,Customer_38,30,Male,Salem,Tamil Nadu,India,2021-09-13,Rejected
CUST0039,Customer_39,38,Female,Mumbai,Maharashtra,India,2020-12-16,Pending
CUST0040,Customer_40,56,Female,Pune,Maharashtra,India,2022-03-27,Verified
CUST0041,Customer_41,64,Male,Mysuru,Karnataka,India,2021-08-23,Pending
CUST0042,Customer_42,50,Female,Surat,Gujarat,India,2018-09-05,Verified
CUST0043,Customer_43,43,Female,Madurai,Tamil Nadu,India,2018-02-13,Rejected
CUST0044,Customer_44,59,Male,Nagpur,Maharashtra,India,2019-03-28,Verified
CUST0045,Customer_45,36,Male,Coimbatore,Tamil Nadu,India,2018-05-19,Verified
CUST0046,Customer_46,54,Male,Madurai,Tamil Nadu,India,2019-05-03,Pending
CUST0047,Customer_47,56,Female,Pune,Maharashtra,India,2018-09-28,Rejected
CUST0048,Customer_48,37,Male,Ahmedabad,Gujarat,India,2022-05-26,Pending
CUST0049,Customer_49,28,Male,Pune,Maharashtra,India,2018-07-18,Verified
CUST0050,Customer_50,48,Male,Hyderabad,Telangana,India,2020-08-14,Verified
CUST0051,Customer_51,47,Male,Coimbatore,Tamil Nadu,India,2022-01-31,Verified
CUST0052,Customer_52,34,Female,Nagpur,Maharashtra,India,2019-01-25,Pending
CUST0053,Customer_53,49,Male,Salem,Tamil Nadu,India,2019-01-11,Pending
CUST0054,Customer_54,26,Female,Nagpur,Maharashtra,India,2020-06-26,Verified
CUST0055,Customer_55,63,Male,Coimbatore,Tamil Nadu,India,2021-01-12,Verified
CUST0056,Customer_56,32,Male,Nagpur,Maharashtra,India,2020-04-12,Pending
CUST0057,Customer_57,47,Female,Pune,Maharashtra,India,2018-05-01,Pending
CUST0058,Customer_58,46,Male,Chennai,Tamil Nadu,India,2019-06-28,Verified
CUST0059,Customer_59,57,Male,Hyderabad,Telangana,India,2021-09-17,Verified
CUST0060,Customer_60,40,Male,Pune,Maharashtra,India,2019-03-22,Rejected
CUST0061,Customer_61,25,Male,Jaipur,Rajasthan,India,2022-03-12,Verified
CUST0062,Customer_62,59,Female,Coimbatore,Tamil Nadu,India,2020-09-03,Rejected
CUST0063,Customer_63,25,Male,Mumbai,Maharashtra,India,2020-11-06,Verified
CUST0064,Customer_64,60,Female,Madurai,Tamil Nadu,India,2018-05-20,Pending
CUST0065,Customer_65,58,Female,Trichy,Tamil Nadu,India,2019-05-20,Rejected
CUST0066,Customer_66,61,Male,Coimbatore,Tamil Nadu,India,2018-06-17,Rejected
CUST0067,Customer_67,55,Male,Chandigarh,Punjab,India,2019-10-10,Verified
CUST0068,Customer_68,37,Male,Lucknow,Uttar Pradesh,India,2019-06-28,Verified
CUST0069,Customer_69,51,Male,Noida,Uttar Pradesh,India,2019-10-10,Verified
CUST0070,Customer_70,61,Male,Kolkata,West Bengal,India,2021-02-27,Verified
CUST0071,Customer_71,35,Male,Jaipur,Rajasthan,India,2020-11-02,Verified
CUST0072,Customer_72,26,Female,Bengaluru,Karnataka,India,2022-12-06,Verified
CUST0073,Customer_73,32,Female,Noida,Uttar Pradesh,India,2020-06-16,Verified
CUST0074,Customer_74,63,Male,Bhopal,Madhya Pradesh,India,2020-12-19,Rejected
CUST0075,Customer_75,64,Female,Noida,Uttar Pradesh,India,2018-08-01,Verified
CUST0076,Customer_76,28,Female,Trichy,Tamil Nadu,India,2022-03-01,Verified
CUST0077,Customer_77,40,Female,Delhi,Delhi,India,2021-05-23,Verified
CUST0078,Customer_78,65,Male,Pune,Maharashtra,India,2021-07-22,Rejected
CUST0079,Customer_79,38,Male,Ahmedabad,Gujarat,India,2022-09-29,Verified
CUST0080,Customer_80,39,Male,Hyderabad,Telangana,India,2018-04-01,Verified
CUST0081,Customer_81,62,Female,Salem,Tamil Nadu,India,2019-06-21,Pending
CUST0082,Customer_82,49,Male,Jaipur,Rajasthan,India,2021-02-22,Verified
CUST0083,Customer_83,31,Male,Madurai,Tamil Nadu,India,2021-01-22,Verified
CUST0084,Customer_84,57,Male,Chandigarh,Punjab,India,2018-10-31,Verified
CUST0085,Customer_85,41,Male,Coimbatore,Tamil Nadu,India,2020-01-17,Verified
CUST0086,Customer_86,65,Male,Pune,Maharashtra,India,2019-05-27,Verified
CUST0087,Customer_87,48,Female,Jaipur,Rajasthan,India,2021-06-25,Verified
CUST0088,Customer_88,33,Male,Mumbai,Maharashtra,India,2020-04-24,Verified
CUST0089,Customer_89,48,Female,Lucknow,Uttar Pradesh,India,2022-07-01,Verified
CUST0090,Customer_90,28,Male,Mumbai,Maharashtra,India,2020-02-23,Pending
CUST0091,Customer_91,34,Male,Nagpur,Maharashtra,India,2022-07-31,Verified
CUST0092,Customer_92,36,Male,Noida,Uttar Pradesh,India,2019-04-02,Verified
CUST0093,Customer_93,43,Male,Mysuru,Karnataka,India,2019-07-25,Verified
CUST0094,Customer_94,63,Male,Bengaluru,Karnataka,India,2020-11-09,Rejected
CUST0095,Customer_95,23,Male,Lucknow,Uttar Pradesh,India,2018-08-25,Verified
CUST0096,Customer_96,38,Male,Chandigarh,Punjab,India,2018-03-20,Rejected
CUST0097,Customer_97,44,Male,Hyderabad,Telangana,India,2022-02-01,Pending
CUST0098,Customer_98,54,Male,Bhopal,Madhya Pradesh,India,2018-08-25,Rejected
CUST0099,Customer_99,38,Male,Pune,Maharashtra,India,2018-04-01,Verified
CUST0100,Customer_100,56,Female,Surat,Gujarat,India,2021-11-07,Verified
CUST0101,Customer_101,26,Male,Hyderabad,Telangana,India,2021-09-22,Rejected
CUST0102,Customer_102,64,Male,Lucknow,Uttar Pradesh,India,2022-10-03,Verified
CUST0103,Customer_103,41,Male,Surat,Gujarat,India,2021-09-27,Verified
CUST0104,Customer_104,40,Female,Mysuru,Karnataka,India,2021-02-09,Verified
CUST0105,Customer_105,64,Female,Hyderabad,Telangana,India,2020-02-16,Rejected
CUST0106,Customer_106,41,Female,Chandigarh,Punjab,India,2020-04-11,Verified
CUST0107,Customer_107,40,Male,Noida,Uttar Pradesh,India,2019-03-07,Rejected
CUST0108,Customer_108,63,Male,Bhopal,Madhya Pradesh,India,2019-10-22,Pending
CUST0109,Customer_109,65,Female,Kolkata,West Bengal,India,2019-03-14,Pending
CUST0110,Customer_110,64,Male,Mumbai,Maharashtra,India,2018-06-23,Rejected
CUST0111,Customer_111,43,Female,Bhopal,Madhya Pradesh,India,2018-07-11,Verified
CUST0112,Customer_112,34,Male,Nagpur,Maharashtra,India,2018-10-29,Verified
CUST0113,Customer_113,52,Male,Nagpur,Maharashtra,India,2021-06-05,Pending
CUST0114,Customer_114,62,Female,Hyderabad,Telangana,India,2021-03-24,Pending
CUST0115,Customer_115,47,Female,Ahmedabad,Gujarat,India,2019-05-15,Verified
CUST0116,Customer_116,49,Female,Trichy,Tamil Nadu,India,2019-03-25,Rejected
CUST0117,Customer_117,25,Female,Kolkata,West Bengal,India,2021-02-15,Verified
CUST0118,Customer_118,30,Male,Kolkata,West Bengal,India,2022-06-30,Rejected
CUST0119,Customer_119,60,Male,Jaipur,Rajasthan,India,2019-10-12,Rejected
CUST0120,Customer_120,49,Female,Surat,Gujarat,India,2022-08-29,Pending
CUST0121,Customer_121,52,Male,Mumbai,Maharashtra,India,2020-07-10,Verified
CUST0122,Customer_122,55,Female,Delhi,Delhi,India,2020-09-19,Verified
CUST0123,Customer_123,26,Male,Kolkata,West Bengal,India,2022-01-01,Verified
CUST0124,Customer_124,43,Female,Delhi,Delhi,India,2019-10-17,Verified
CUST0125,Customer_125,31,Male,Salem,Tamil Nadu,India,2019-04-19,Verified
CUST0126,Customer_126,26,Male,Pune,Maharashtra,India,2020-04-29,Verified
CUST0127,Customer_127,51,Male,Jaipur,Rajasthan,India,2020-05-01,Verified
CUST0128,Customer_128,46,Female,Hyderabad,Telangana,India,2022-04-26,Verified
CUST0129,Customer_129,46,Male,Chandigarh,Punjab,India,2020-09-03,Verified
CUST0130,Customer_130,46,Male,Noida,Uttar Pradesh,India,2022-10-14,Rejected
CUST0131,Customer_131,60,Male,Jaipur,Rajasthan,India,2019-03-28,Verified
CUST0132,Customer_132,49,Male,Delhi,Delhi,India,2020-09-21,Pending
CUST0133,Customer_133,64,Male,Lucknow,Uttar Pradesh,India,2021-10-22,Verified
CUST0134,Customer_134,30,Female,Kolkata,West Bengal,India,2021-06-28,Verified
CUST0135,Customer_135,59,Male,Mysuru,Karnataka,India,2021-03-01,Verified
CUST0136,Customer_136,30,Male,Hyderabad,Telangana,India,2022-11-11,Verified
CUST0137,Customer_137,38,Male,Coimbatore,Tamil Nadu,India,2020-02-16,Verified
CUST0138,Customer_138,42,Male,Kolkata,West Bengal,India,2019-11-23,Verified
CUST0139,Customer_139,38,Male,Hyderabad,Telangana,India,2022-09-06,Pending
CUST0140,Customer_140,56,Male,Chennai,Tamil Nadu,India,2018-04-17,Verified
CUST0141,Customer_141,63,Male,Madurai,Tamil Nadu,India,2018-03-24,Verified
CUST0142,Customer_142,23,Female,Pune,Maharashtra,India,2021-06-26,Verified
CUST0143,Customer_143,52,Male,Salem,Tamil Nadu,India,2021-10-03,Rejected
CUST0144,Customer_144,51,Male,Pune,Maharashtra,India,2021-12-03,Verified
CUST0145,Customer_145,60,Male,Mumbai,Maharashtra,India,2021-05-28,Verified
CUST0146,Customer_146,28,Male,Noida,Uttar Pradesh,India,2021-03-31,Verified
CUST0147,Customer_147,65,Male,Chandigarh,Punjab,India,2020-02-08,Verified
CUST0148,Customer_148,59,Female,Madurai,Tamil Nadu,India,2021-11-15,Verified
CUST0149,Customer_149,65,Male,Noida,Uttar Pradesh,India,2021-05-14,Rejected
CUST0150,Customer_150,44,Male,Coimbatore,Tamil Nadu,India,2020-12-27,Verified
CUST0151,Customer_151,54,Male,Madurai,Tamil Nadu,India,2021-08-19,Verified
CUST0152,Customer_152,53,Male,Hyderabad,Telangana,India,2018-08-05,Verified
CUST0153,Customer_153,31,Female,Kolkata,West Bengal,India,2020-06-10,Rejected
CUST0154,Customer_154,61,Female,Delhi,Delhi,India,2022-07-14,Pending
CUST0155,Customer_155,49,Female,Kolkata,West Bengal,India,2022-08-19,Verified
CUST0156,Customer_156,37,Male,Lucknow,Uttar Pradesh,India,2022-08-29,Verified
CUST0157,Customer_157,37,Male,Kolkata,West Bengal,India,2022-03-17,Rejected
CUST0158,Customer_158,64,Male,Bhopal,Madhya Pradesh,India,2020-02-16,Verified
CUST0159,Customer_159,42,Male,Ahmedabad,Gujarat,India,2019-01-08,Verified
CUST0160,Customer_160,38,Male,Bengaluru,Karnataka,India,2019-11-29,Rejected
CUST0161,Customer_161,57,Female,Delhi,Delhi,India,2018-01-21,Verified
CUST0162,Customer_162,37,Male,Madurai,Tamil Nadu,India,2022-01-14,Pending
CUST0163,Customer_163,37,Male,Jaipur,Rajasthan,India,2021-11-15,Pending
CUST0164,Customer_164,23,Male,Kolkata,West Bengal,India,2018-07-10,Verified
CUST0165,Customer_165,37,Female,Mysuru,Karnataka,India,2019-09-20,Verified
CUST0166,Customer_166,57,Male,Ahmedabad,Gujarat,India,2020-12-23,Pending
CUST0167,Customer_167,43,Male,Jaipur,Rajasthan,India,2019-12-22,Verified
CUST0168,Customer_168,38,Male,Noida,Uttar Pradesh,India,2019-04-18,Verified
CUST0169,Customer_169,29,Female,Lucknow,Uttar Pradesh,India,2022-03-02,Verified
CUST0170,Customer_170,35,Male,Pune,Maharashtra,India,2022-02-21,Verified
CUST0171,Customer_171,55,Male,Chandigarh,Punjab,India,2021-05-07,Verified
CUST0172,Customer_172,40,Male,Pune,Maharashtra,India,2019-04-11,Verified
CUST0173,Customer_173,22,Female,Noida,Uttar Pradesh,India,2021-12-21,Verified
CUST0174,Customer_174,24,Female,Delhi,Delhi,India,2018-04-22,Verified
CUST0175,Customer_175,62,Male,Salem,Tamil Nadu,India,2022-11-14,Verified
CUST0176,Customer_176,58,Male,Chennai,Tamil Nadu,India,2019-08-06,Pending
CUST0177,Customer_177,43,Male,Kolkata,West Bengal,India,2019-01-13,Verified
CUST0178,Customer_178,29,Male,Ahmedabad,Gujarat,India,2022-08-11,Pending
CUST0179,Customer_179,26,Male,Ahmedabad,Gujarat,India,2021-03-27,Verified
CUST0180,Customer_180,58,Male,Salem,Tamil Nadu,India,2019-09-15,Verified
CUST0181,Customer_181,57,Male,Trichy,Tamil Nadu,India,2022-04-15,Rejected
CUST0182,Customer_182,61,Female,Bhopal,Madhya Pradesh,India,2019-04-08,Pending
CUST0183,Customer_183,50,Female,Kolkata,West Bengal,India,2019-09-01,Pending
CUST0184,Customer_184,58,Male,Noida,Uttar Pradesh,India,2021-06-25,Rejected
CUST0185,Customer_185,35,Female,Trichy,Tamil Nadu,India,2021-07-05,Verified
CUST0186,Customer_186,32,Female,Madurai,Tamil Nadu,India,2019-05-07,Rejected
CUST0187,Customer_187,32,Male,Madurai,Tamil Nadu,India,2018-01-06,Pending
CUST0188,Customer_188,52,Male,Bhopal,Madhya Pradesh,India,2019-08-20,Verified
CUST0189,Customer_189,40,Male,Noida,Uttar Pradesh,India,2021-12-10,Verified
CUST0190,Customer_190,38,Female,Nagpur,Maharashtra,India,2022-06-02,Verified
CUST0191,Customer_191,29,Female,Hyderabad,Telangana,India,2021-01-20,Verified
CUST0192,Customer_192,31,Male,Delhi,Delhi,India,2018-05-27,Verified
CUST0193,Customer_193,60,Female,Noida,Uttar Pradesh,India,2022-03-14,Verified
CUST0194,Customer_194,29,Male,Kolkata,West Bengal,India,2020-08-17,Pending
CUST0195,Customer_195,54,Male,Delhi,Delhi,India,2021-01-10,Pending
CUST0196,Customer_196,60,Male,Madurai,Tamil Nadu,India,2018-03-23,Verified
CUST0197,Customer_197,38,Male,Bhopal,Madhya Pradesh,India,2018-02-22,Verified
CUST0198,Customer_198,59,Male,Chandigarh,Punjab,India,2018-02-12,Rejected
CUST0199,Customer_199,33,Female,Coimbatore,Tamil Nadu,India,2020-08-21,Pending
CUST0200,Customer_200,33,Male,Delhi,Delhi,India,2021-04-13,Pending
CUST0201,Customer_201,52,Male,Madurai,Tamil Nadu,India,2019-12-14,Verified
CUST0202,Customer_202,64,Female,Lucknow,Uttar Pradesh,India,2018-08-03,Verified
CUST0203,Customer_203,53,Male,Hyderabad,Telangana,India,2019-08-14,Rejected
CUST0204,Customer_204,51,Male,Coimbatore,Tamil Nadu,India,2018-06-30,Verified
CUST0205,Customer_205,29,Male,Lucknow,Uttar Pradesh,India,2022-05-02,Rejected
CUST0206,Customer_206,64,Female,Chennai,Tamil Nadu,India,2022-11-16,Pending
CUST0207,Customer_207,25,Female,Hyderabad,Telangana,India,2019-01-20,Verified
CUST0208,Customer_208,53,Male,Bhopal,Madhya Pradesh,India,2021-07-04,Verified
CUST0209,Customer_209,39,Female,Pune,Maharashtra,India,2021-01-29,Verified
CUST0210,Customer_210,53,Male,Kolkata,West Bengal,India,2018-09-06,Rejected
CUST0211,Customer_211,32,Female,Nagpur,Maharashtra,India,2019-09-29,Verified
CUST0212,Customer_212,48,Female,Jaipur,Rajasthan,India,2018-07-10,Verified
CUST0213,Customer_213,29,Female,Kolkata,West Bengal,India,2021-08-19,Pending
CUST0214,Customer_214,54,Male,Noida,Uttar Pradesh,India,2021-12-15,Pending
CUST0215,Customer_215,52,Male,Ahmedabad,Gujarat,India,2019-05-15,Rejected
CUST0216,Customer_216,46,Female,Salem,Tamil Nadu,India,2019-01-26,Rejected
CUST0217,Customer_217,26,Male,Salem,Tamil Nadu,India,2019-07-20,Verified
CUST0218,Customer_218,39,Male,Surat,Gujarat,India,2022-08-08,Verified
CUST0219,Customer_219,59,Male,Noida,Uttar Pradesh,India,2021-04-02,Verified
CUST0220,Customer_220,56,Male,Kolkata,West Bengal,India,2020-09-18,Verified
CUST0221,Customer_221,56,Male,Jaipur,Rajasthan,India,2020-02-12,Verified
CUST0222,Customer_222,37,Male,Pune,Maharashtra,India,2021-03-17,Verified
CUST0223,Customer_223,24,Male,Hyderabad,Telangana,India,2019-10-14,Pending
CUST0224,Customer_224,64,Female,Mysuru,Karnataka,India,2022-06-11,Pending
CUST0225,Customer_225,30,Female,Coimbatore,Tamil Nadu,India,2020-10-25,Verified
CUST0226,Customer_226,50,Female,Trichy,Tamil Nadu,India,2018-07-24,Pending
CUST0227,Customer_227,31,Female,Chennai,Tamil Nadu,India,2020-04-19,Verified
CUST0228,Customer_228,38,Female,Ahmedabad,Gujarat,India,2019-11-25,Pending
CUST0229,Customer_229,43,Female,Madurai,Tamil Nadu,India,2022-10-12,Pending
CUST0230,Customer_230,62,Male,Lucknow,Uttar Pradesh,India,2022-01-11,Rejected
CUST0231,Customer_231,61,Female,Coimbatore,Tamil Nadu,India,2018-05-21,Verified
CUST0232,Customer_232,27,Male,Nagpur,Maharashtra,India,2020-06-07,Verified
CUST0233,Customer_233,32,Male,Kolkata,West Bengal,India,2021-11-22,Verified
CUST0234,Customer_234,42,Male,Coimbatore,Tamil Nadu,India,2022-06-19,Verified
CUST0235,Customer_235,45,Female,Bengaluru,Karnataka,India,2020-06-01,Verified
CUST0236,Customer_236,48,Female,Surat,Gujarat,India,2021-03-05,Verified
CUST0237,Customer_237,27,Male,Mumbai,Maharashtra,India,2021-06-02,Rejected
CUST0238,Customer_238,53,Female,Nagpur,Maharashtra,India,2021-04-09,Verified
CUST0239,Customer_239,62,Male,Kolkata,West Bengal,India,2019-06-05,Verified
CUST0240,Customer_240,51,Female,Chennai,Tamil Nadu,India,2019-08-13,Verified
CUST0241,Customer_241,50,Female,Madurai,Tamil Nadu,India,2019-12-09,Verified
CUST0242,Customer_242,38,Male,Hyderabad,Telangana,India,2020-07-24,Verified
CUST0243,Customer_243,52,Female,Mysuru,Karnataka,India,2018-08-07,Pending
CUST0244,Customer_244,44,Male,Chandigarh,Punjab,India,2021-03-23,Verified
CUST0245,Customer_245,64,Male,Chennai,Tamil Nadu,India,2020-03-21,Verified
CUST0246,Customer_246,65,Male,Chandigarh,Punjab,India,2022-05-13,Rejected
CUST0247,Customer_247,40,Female,Ahmedabad,Gujarat,India,2022-05-08,Rejected
CUST0248,Customer_248,36,Female,Bengaluru,Karnataka,India,2021-07-27,Rejected
CUST0249,Customer_249,65,Female,Delhi,Delhi,India,2022-03-28,Verified
CUST0250,Customer_250,41,Male,Coimbatore,Tamil Nadu,India,2022-06-04,Verified
CUST0251,Customer_251,45,Female,Chandigarh,Punjab,India,2022-02-08,Verified
CUST0252,Customer_252,42,Male,Noida,Uttar Pradesh,India,2022-03-11,Verified
CUST0253,Customer_253,30,Female,Pune,Maharashtra,India,2022-05-30,Verified
CUST0254,Customer_254,54,Female,Surat,Gujarat,India,2019-07-13,Verified
CUST0255,Customer_255,40,Male,Ahmedabad,Gujarat,India,2022-03-09,Verified
CUST0256,Customer_256,26,Female,Kolkata,West Bengal,India,2018-10-16,Pending
CUST0257,Customer_257,45,Male,Jaipur,Rajasthan,India,2018-07-04,Verified
CUST0258,Customer_258,56,Male,Delhi,Delhi,India,2018-09-11,Verified
CUST0259,Customer_259,59,Male,Delhi,Delhi,India,2020-02-20,Verified
CUST0260,Customer_260,52,Female,Nagpur,Maharashtra,India,2018-02-21,Rejected
CUST0261,Customer_261,61,Male,Lucknow,Uttar Pradesh,India,2019-03-30,Pending
CUST0262,Customer_262,63,Male,Noida,Uttar Pradesh,India,2020-04-16,Verified
CUST0263,Customer_263,24,Male,Coimbatore,Tamil Nadu,India,2019-09-16,Verified
CUST0264,Customer_264,37,Female,Trichy,Tamil Nadu,India,2021-01-05,Pending
CUST0265,Customer_265,45,Female,Kolkata,West Bengal,India,2021-10-05,Pending
CUST0266,Customer_266,31,Male,Chandigarh,Punjab,India,2020-04-29,Pending
CUST0267,Customer_267,48,Male,Bhopal,Madhya Pradesh,India,2019-07-27,Verified
CUST0268,Customer_268,50,Female,Pune,Maharashtra,India,2020-06-29,Verified
CUST0269,Customer_269,65,Female,Trichy,Tamil Nadu,India,2020-01-23,Verified
CUST0270,Customer_270,47,Female,Coimbatore,Tamil Nadu,India,2019-07-20,Verified
CUST0271,Customer_271,27,Female,Kolkata,West Bengal,India,2021-09-19,Rejected
CUST0272,Customer_272,25,Male,Chennai,Tamil Nadu,India,2022-05-31,Verified
CUST0273,Customer_273,58,Male,Salem,Tamil Nadu,India,2019-02-25,Rejected
CUST0274,Customer_274,59,Female,Pune,Maharashtra,India,2019-03-19,Verified
CUST0275,Customer_275,60,Male,Salem,Tamil Nadu,India,2018-01-06,Verified
CUST0276,Customer_276,56,Female,Salem,Tamil Nadu,India,2019-05-29,Verified
CUST0277,Customer_277,30,Male,Chennai,Tamil Nadu,India,2018-01-31,Verified
CUST0278,Customer_278,42,Female,Chandigarh,Punjab,India,2018-02-02,Verified
CUST0279,Customer_279,30,Male,Coimbatore,Tamil Nadu,India,2022-02-28,Rejected
CUST0280,Customer_280,26,Male,Trichy,Tamil Nadu,India,2020-09-02,Verified
CUST0281,Customer_281,59,Male,Surat,Gujarat,India,2018-08-12,Rejected
CUST0282,Customer_282,61,Female,Nagpur,Maharashtra,India,2018-03-30,Verified
CUST0283,Customer_283,63,Male,Kolkata,West Bengal,India,2018-03-05,Pending
CUST0284,Customer_284,49,Male,Mysuru,Karnataka,India,2021-11-06,Pending
CUST0285,Customer_285,26,Male,Kolkata,West Bengal,India,2018-06-15,Rejected
CUST0286,Customer_286,26,Male,Salem,Tamil Nadu,India,2018-09-16,Rejected
CUST0287,Customer_287,57,Male,Chandigarh,Punjab,India,2021-12-29,Pending
CUST0288,Customer_288,55,Male,Bhopal,Madhya Pradesh,India,2019-08-27,Rejected
CUST0289,Customer_289,49,Male,Bhopal,Madhya Pradesh,India,2018-07-23,Rejected
CUST0290,Customer_290,49,Female,Pune,Maharashtra,India,2020-07-13,Pending
CUST0291,Customer_291,51,Male,Lucknow,Uttar Pradesh,India,2020-03-27,Verified
CUST0292,Customer_292,49,Male,Lucknow,Uttar Pradesh,India,2019-10-03,Verified
CUST0293,Customer_293,65,Male,Salem,Tamil Nadu,India,2020-08-29,Verified
CUST0294,Customer_294,27,Male,Madurai,Tamil Nadu,India,2020-06-03,Verified
CUST0295,Customer_295,57,Female,Salem,Tamil Nadu,India,2018-05-03,Rejected
CUST0296,Customer_296,43,Male,Jaipur,Rajasthan,India,2021-10-04,Pending
CUST0297,Customer_297,64,Male,Bengaluru,Karnataka,India,2022-03-17,Verified
CUST0298,Customer_298,60,Male,Noida,Uttar Pradesh,India,2019-10-02,Verified
CUST0299,Customer_299,54,Female,Chandigarh,Punjab,India,2019-03-12,Pending
CUST0300,Customer_300,28,Female,Nagpur,Maharashtra,India,2019-12-19,Verified
CUST0301,Customer_301,39,Female,Trichy,Tamil Nadu,India,2021-03-21,Pending
CUST0302,Customer_302,61,Female,Jaipur,Rajasthan,India,2021-06-10,Verified
CUST0303,Customer_303,64,Male,Bhopal,Madhya Pradesh,India,2022-08-26,Verified
CUST0304,Customer_304,39,Male,Mumbai,Maharashtra,India,2021-12-10,Verified
CUST0305,Customer_305,22,Female,Bengaluru,Karnataka,India,2019-01-07,Rejected
CUST0306,Customer_306,26,Male,Mysuru,Karnataka,India,2018-10-18,Verified
CUST0307,Customer_307,35,Male,Surat,Gujarat,India,2020-02-10,Pending
CUST0308,Customer_308,32,Male,Lucknow,Uttar Pradesh,India,2020-01-28,Verified
CUST0309,Customer_309,60,Male,Chandigarh,Punjab,India,2018-06-23,Verified
CUST0310,Customer_310,61,Male,Mumbai,Maharashtra,India,2018-04-12,Verified
CUST0311,Customer_311,64,Male,Kolkata,West Bengal,India,2020-05-18,Rejected
CUST0312,Customer_312,48,Female,Kolkata,West Bengal,India,2019-07-14,Rejected
CUST0313,Customer_313,44,Male,Trichy,Tamil Nadu,India,2020-05-30,Verified
CUST0314,Customer_314,53,Male,Chandigarh,Punjab,India,2020-12-15,Verified
CUST0315,Customer_315,47,Male,Nagpur,Maharashtra,India,2021-05-12,Verified
CUST0316,Customer_316,41,Female,Pune,Maharashtra,India,2019-03-09,Verified
CUST0317,Customer_317,42,Male,Noida,Uttar Pradesh,India,2018-09-03,Pending
CUST0318,Customer_318,33,Male,Hyderabad,Telangana,India,2018-09-22,Rejected
CUST0319,Customer_319,54,Male,Nagpur,Maharashtra,India,2021-02-18,Verified
CUST0320,Customer_320,24,Male,Mysuru,Karnataka,India,2020-06-12,Pending
CUST0321,Customer_321,42,Male,Madurai,Tamil Nadu,India,2021-03-25,Rejected
CUST0322,Customer_322,62,Male,Mysuru,Karnataka,India,2020-05-05,Verified
CUST0323,Customer_323,23,Female,Mysuru,Karnataka,India,2019-10-28,Rejected
CUST0324,Customer_324,45,Male,Kolkata,West Bengal,India,2018-06-30,Verified
CUST0325,Customer_325,49,Male,Nagpur,Maharashtra,India,2021-04-21,Rejected
CUST0326,Customer_326,47,Male,Madurai,Tamil Nadu,India,2022-11-18,Verified
CUST0327,Customer_327,43,Female,Nagpur,Maharashtra,India,2022-05-15,Verified
CUST0328,Customer_328,62,Female,Surat,Gujarat,India,2018-08-22,Rejected
CUST0329,Customer_329,44,Female,Pune,Maharashtra,India,2019-12-21,Verified
CUST0330,Customer_330,31,Female,Trichy,Tamil Nadu,India,2019-06-09,Verified
CUST0331,Customer_331,31,Male,Bhopal,Madhya Pradesh,India,2022-04-06,Verified
CUST0332,Customer_332,51,Female,Ahmedabad,Gujarat,India,2022-03-26,Rejected
CUST0333,Customer_333,65,Female,Kolkata,West Bengal,India,2021-03-02,Verified
CUST0334,Customer_334,31,Male,Lucknow,Uttar Pradesh,India,2020-06-19,Pending
CUST0335,Customer_335,62,Male,Kolkata,West Bengal,India,2019-09-13,Rejected
CUST0336,Customer_336,44,Male,Coimbatore,Tamil Nadu,India,2020-11-05,Verified
CUST0337,Customer_337,50,Male,Kolkata,West Bengal,India,2018-03-19,Verified
CUST0338,Customer_338,26,Male,Noida,Uttar Pradesh,India,2021-08-13,Rejected
CUST0339,Customer_339,54,Male,Bhopal,Madhya Pradesh,India,2020-02-27,Rejected
CUST0340,Customer_340,24,Female,Jaipur,Rajasthan,India,2020-07-10,Verified
CUST0341,Customer_341,60,Female,Lucknow,Uttar Pradesh,India,2020-09-01,Verified
CUST0342,Customer_342,50,Male,Coimbatore,Tamil Nadu,India,2018-07-31,Verified
CUST0343,Customer_343,63,Male,Surat,Gujarat,India,2018-12-20,Verified
CUST0344,Customer_344,50,Female,Kolkata,West Bengal,India,2020-12-09,Rejected
CUST0345,Customer_345,45,Male,Mumbai,Maharashtra,India,2020-02-03,Pending
CUST0346,Customer_346,43,Female,Hyderabad,Telangana,India,2021-10-22,Verified
CUST0347,Customer_347,26,Male,Lucknow,Uttar Pradesh,India,2019-11-07,Rejected
CUST0348,Customer_348,40,Female,Mysuru,Karnataka,India,2019-06-01,Verified
CUST0349,Customer_349,27,Female,Lucknow,Uttar Pradesh,India,2021-04-08,Verified
CUST0350,Customer_350,63,Male,Noida,Uttar Pradesh,India,2021-12-01,Verified
CUST0351,Customer_351,27,Female,Bhopal,Madhya Pradesh,India,2019-09-27,Pending
CUST0352,Customer_352,30,Female,Lucknow,Uttar Pradesh,India,2021-10-04,Verified
CUST0353,Customer_353,54,Male,Hyderabad,Telangana,India,2020-01-12,Verified
CUST0354,Customer_354,33,Male,Noida,Uttar Pradesh,India,2019-03-15,Pending
CUST0355,Customer_355,36,Female,Pune,Maharashtra,India,2018-10-09,Verified
CUST0356,Customer_356,28,Female,Noida,Uttar Pradesh,India,2020-11-05,Rejected
CUST0357,Customer_357,64,Female,Coimbatore,Tamil Nadu,India,2019-11-21,Verified
CUST0358,Customer_358,46,Female,Bhopal,Madhya Pradesh,India,2018-11-12,Verified
CUST0359,Customer_359,32,Male,Bhopal,Madhya Pradesh,India,2022-01-16,Verified
CUST0360,Customer_360,45,Female,Hyderabad,Telangana,India,2021-10-17,Pending
CUST0361,Customer_361,40,Male,Bhopal,Madhya Pradesh,India,2022-03-21,Verified
CUST0362,Customer_362,37,Male,Jaipur,Rajasthan,India,2019-09-26,Verified
CUST0363,Customer_363,65,Male,Bengaluru,Karnataka,India,2021-03-14,Pending
CUST0364,Customer_364,46,Female,Noida,Uttar Pradesh,India,2020-10-26,Pending
CUST0365,Customer_365,34,Female,Mumbai,Maharashtra,India,2022-06-29,Verified
CUST0366,Customer_366,25,Male,Delhi,Delhi,India,2021-08-06,Verified
CUST0367,Customer_367,28,Female,Jaipur,Rajasthan,India,2021-12-27,Verified
CUST0368,Customer_368,27,Female,Noida,Uttar Pradesh,India,2022-04-12,Verified
CUST0369,Customer_369,54,Male,Kolkata,West Bengal,India,2018-10-29,Verified
CUST0370,Customer_370,50,Male,Nagpur,Maharashtra,India,2019-12-17,Pending
CUST0371,Customer_371,47,Male,Coimbatore,Tamil Nadu,India,2020-10-25,Verified
CUST0372,Customer_372,27,Female,Mysuru,Karnataka,India,2020-02-07,Verified
CUST0373,Customer_373,28,Male,Lucknow,Uttar Pradesh,India,2022-09-15,Verified
CUST0374,Customer_374,24,Male,Salem,Tamil Nadu,India,2019-08-11,Verified
CUST0375,Customer_375,50,Male,Ahmedabad,Gujarat,India,2021-06-14,Verified
CUST0376,Customer_376,38,Female,Chennai,Tamil Nadu,India,2019-03-18,Rejected
CUST0377,Customer_377,55,Male,Bhopal,Madhya Pradesh,India,2020-05-16,Verified
CUST0378,Customer_378,41,Male,Nagpur,Maharashtra,India,2018-09-07,Verified
CUST0379,Customer_379,62,Female,Hyderabad,Telangana,India,2022-06-14,Pending
CUST0380,Customer_380,29,Male,Madurai,Tamil Nadu,India,2022-09-10,Rejected
CUST0381,Customer_381,23,Female,Jaipur,Rajasthan,India,2021-07-18,Rejected
CUST0382,Customer_382,31,Male,Nagpur,Maharashtra,India,2019-08-20,Verified
CUST0383,Customer_383,44,Female,Bhopal,Madhya Pradesh,India,2019-05-08,Pending
CUST0384,Customer_384,64,Male,Mumbai,Maharashtra,India,2021-09-30,Rejected
CUST0385,Customer_385,26,Female,Bengaluru,Karnataka,India,2020-12-13,Rejected
CUST0386,Customer_386,57,Male,Surat,Gujarat,India,2018-02-11,Pending
CUST0387,Customer_387,62,Male,Coimbatore,Tamil Nadu,India,2020-03-03,Verified
CUST0388,Customer_388,44,Male,Chennai,Tamil Nadu,India,2022-06-03,Verified
CUST0389,Customer_389,64,Male,Nagpur,Maharashtra,India,2021-07-10,Rejected
CUST0390,Customer_390,30,Male,Lucknow,Uttar Pradesh,India,2018-04-01,Rejected
CUST0391,Customer_391,63,Male,Lucknow,Uttar Pradesh,India,2018-12-25,Pending
CUST0392,Customer_392,30,Male,Mumbai,Maharashtra,India,2018-05-10,Verified
CUST0393,Customer_393,34,Female,Noida,Uttar Pradesh,India,2018-03-31,Verified
CUST0394,Customer_394,41,Male,Lucknow,Uttar Pradesh,India,2020-11-21,Rejected
CUST0395,Customer_395,38,Female,Ahmedabad,Gujarat,India,2018-03-16,Verified
CUST0396,Customer_396,25,Male,Bengaluru,Karnataka,India,2022-11-09,Verified
CUST0397,Customer_397,45,Male,Trichy,Tamil Nadu,India,2020-06-13,Pending
CUST0398,Customer_398,43,Male,Mysuru,Karnataka,India,2019-01-18,Pending
CUST0399,Customer_399,55,Male,Bengaluru,Karnataka,India,2019-07-01,Pending
CUST0400,Customer_400,49,Female,Madurai,Tamil Nadu,India,2021-05-18,Rejected
CUST0401,Customer_401,42,Male,Noida,Uttar Pradesh,India,2018-07-30,Verified
CUST0402,Customer_402,41,Female,Noida,Uttar Pradesh,India,2020-07-02,Pending
CUST0403,Customer_403,50,Male,Mumbai,Maharashtra,India,2019-12-21,Verified
CUST0404,Customer_404,61,Male,Bengaluru,Karnataka,India,2020-06-09,Verified
CUST0405,Customer_405,64,Male,Madurai,Tamil Nadu,India,2021-07-29,Verified
CUST0406,Customer_406,65,Male,Surat,Gujarat,India,2018-11-24,Verified
CUST0407,Customer_407,65,Male,Bhopal,Madhya Pradesh,India,2022-05-20,Verified
CUST0408,Customer_408,26,Male,Salem,Tamil Nadu,India,2019-04-29,Verified
CUST0409,Customer_409,58,Female,Mysuru,Karnataka,India,2018-03-08,Verified
CUST0410,Customer_410,45,Male,Kolkata,West Bengal,India,2020-02-01,Verified
CUST0411,Customer_411,30,Male,Chandigarh,Punjab,India,2020-12-20,Pending
CUST0412,Customer_412,63,Female,Lucknow,Uttar Pradesh,India,2019-07-25,Verified
CUST0413,Customer_413,33,Female,Chennai,Tamil Nadu,India,2020-10-19,Pending
CUST0414,Customer_414,29,Male,Jaipur,Rajasthan,India,2019-06-21,Pending
CUST0415,Customer_415,61,Male,Pune,Maharashtra,India,2019-08-08,Verified
CUST0416,Customer_416,30,Male,Trichy,Tamil Nadu,India,2022-10-13,Pending
CUST0417,Customer_417,50,Male,Mumbai,Maharashtra,India,2018-06-29,Verified
CUST0418,Customer_418,57,Male,Madurai,Tamil Nadu,India,2021-01-15,Verified
CUST0419,Customer_419,62,Male,Mumbai,Maharashtra,India,2018-12-23,Rejected
CUST0420,Customer_420,29,Female,Nagpur,Maharashtra,India,2019-02-16,Verified
CUST0421,Customer_421,23,Female,Ahmedabad,Gujarat,India,2020-01-10,Rejected
CUST0422,Customer_422,51,Female,Bengaluru,Karnataka,India,2022-07-04,Verified
CUST0423,Customer_423,27,Male,Bhopal,Madhya Pradesh,India,2018-05-15,Pending
CUST0424,Customer_424,55,Male,Ahmedabad,Gujarat,India,2020-04-21,Rejected
CUST0425,Customer_425,30,Male,Madurai,Tamil Nadu,India,2019-10-12,Pending
CUST0426,Customer_426,65,Male,Kolkata,West Bengal,India,2020-11-25,Verified
CUST0427,Customer_427,62,Female,Jaipur,Rajasthan,India,2021-04-18,Verified
CUST0428,Customer_428,54,Male,Hyderabad,Telangana,India,2022-11-14,Verified
CUST0429,Customer_429,31,Female,Surat,Gujarat,India,2019-09-15,Verified
CUST0430,Customer_430,36,Female,Lucknow,Uttar Pradesh,India,2019-12-10,Verified
CUST0431,Customer_431,38,Female,Madurai,Tamil Nadu,India,2019-02-07,Verified
CUST0432,Customer_432,62,Female,Salem,Tamil Nadu,India,2019-09-13,Rejected
CUST0433,Customer_433,54,Female,Madurai,Tamil Nadu,India,2021-08-05,Rejected
CUST0434,Customer_434,31,Female,Chandigarh,Punjab,India,2018-12-17,Rejected
CUST0435,Customer_435,58,Male,Lucknow,Uttar Pradesh,India,2018-03-26,Verified
CUST0436,Customer_436,63,Female,Coimbatore,Tamil Nadu,India,2022-04-29,Verified
CUST0437,Customer_437,58,Female,Pune,Maharashtra,India,2020-05-03,Verified
CUST0438,Customer_438,62,Male,Ahmedabad,Gujarat,India,2021-01-22,Verified
CUST0439,Customer_439,37,Male,Ahmedabad,Gujarat,India,2022-07-07,Verified
CUST0440,Customer_440,26,Male,Kolkata,West Bengal,India,2021-11-11,Verified
CUST0441,Customer_441,48,Male,Kolkata,West Bengal,India,2020-09-18,Verified
CUST0442,Customer_442,60,Male,Lucknow,Uttar Pradesh,India,2018-10-22,Verified
CUST0443,Customer_443,47,Male,Bengaluru,Karnataka,India,2018-09-25,Rejected
CUST0444,Customer_444,28,Female,Jaipur,Rajasthan,India,2019-10-16,Pending
CUST0445,Customer_445,39,Female,Trichy,Tamil Nadu,India,2020-07-09,Verified
CUST0446,Customer_446,25,Male,Trichy,Tamil Nadu,India,2019-08-18,Rejected
CUST0447,Customer_447,37,Female,Hyderabad,Telangana,India,2022-11-08,Verified
CUST0448,Customer_448,42,Female,Chandigarh,Punjab,India,2019-01-24,Pending
CUST0449,Customer_449,51,Male,Surat,Gujarat,India,2020-10-18,Pending
CUST0450,Customer_450,27,Female,Chennai,Tamil Nadu,India,2020-03-16,Pending
CUST0451,Customer_451,35,Male,Nagpur,Maharashtra,India,2021-04-09,Verified
CUST0452,Customer_452,40,Female,Coimbatore,Tamil Nadu,India,2020-10-10,Pending
CUST0453,Customer_453,56,Male,Noida,Uttar Pradesh,India,2018-01-17,Pending
CUST0454,Customer_454,38,Male,Salem,Tamil Nadu,India,2022-01-29,Pending
CUST0455,Customer_455,24,Male,Bengaluru,Karnataka,India,2020-03-31,Rejected
CUST0456,Customer_456,34,Female,Jaipur,Rajasthan,India,2020-01-13,Verified
CUST0457,Customer_457,46,Male,Madurai,Tamil Nadu,India,2020-10-29,Rejected
CUST0458,Customer_458,61,Female,Delhi,Delhi,India,2021-10-25,Verified
CUST0459,Customer_459,28,Male,Salem,Tamil Nadu,India,2020-03-17,Verified
CUST0460,Customer_460,45,Female,Jaipur,Rajasthan,India,2022-03-27,Verified
CUST0461,Customer_461,54,Female,Bhopal,Madhya Pradesh,India,2020-04-02,Verified
CUST0462,Customer_462,24,Male,Coimbatore,Tamil Nadu,India,2018-10-08,Pending
CUST0463,Customer_463,51,Female,Surat,Gujarat,India,2018-11-02,Rejected
CUST0464,Customer_464,42,Male,Salem,Tamil Nadu,India,2021-06-09,Verified
CUST0465,Customer_465,61,Male,Mysuru,Karnataka,India,2022-02-23,Rejected
CUST0466,Customer_466,54,Female,Lucknow,Uttar Pradesh,India,2022-08-24,Rejected
CUST0467,Customer_467,58,Male,Ahmedabad,Gujarat,India,2019-09-06,Verified
CUST0468,Customer_468,43,Male,Bengaluru,Karnataka,India,2021-10-11,Pending
CUST0469,Customer_469,41,Male,Chandigarh,Punjab,India,2022-06-20,Rejected
CUST0470,Customer_470,38,Female,Ahmedabad,Gujarat,India,2021-09-04,Rejected
CUST0471,Customer_471,25,Male,Nagpur,Maharashtra,India,2021-04-10,Verified
CUST0472,Customer_472,62,Female,Surat,Gujarat,India,2022-01-16,Pending
CUST0473,Customer_473,65,Male,Salem,Tamil Nadu,India,2019-05-12,Rejected
CUST0474,Customer_474,34,Male,Trichy,Tamil Nadu,India,2018-02-08,Verified
CUST0475,Customer_475,31,Female,Hyderabad,Telangana,India,2020-04-25,Pending
CUST0476,Customer_476,61,Male,Surat,Gujarat,India,2020-08-23,Verified
CUST0477,Customer_477,35,Male,Surat,Gujarat,India,2021-02-22,Pending
CUST0478,Customer_478,46,Female,Surat,Gujarat,India,2019-10-05,Pending
CUST0479,Customer_479,43,Male,Jaipur,Rajasthan,India,2021-01-23,Verified
CUST0480,Customer_480,52,Female,Bhopal,Madhya Pradesh,India,2019-01-29,Verified
CUST0481,Customer_481,41,Male,Jaipur,Rajasthan,India,2019-04-06,Verified
CUST0482,Customer_482,53,Male,Pune,Maharashtra,India,2019-10-12,Verified
CUST0483,Customer_483,39,Male,Jaipur,Rajasthan,India,2019-08-13,Rejected
CUST0484,Customer_484,46,Male,Jaipur,Rajasthan,India,2020-03-19,Verified
CUST0485,Customer_485,24,Male,Noida,Uttar Pradesh,India,2019-08-13,Verified
CUST0486,Customer_486,63,Male,Kolkata,West Bengal,India,2019-06-10,Verified
CUST0487,Customer_487,56,Female,Pune,Maharashtra,India,2019-07-10,Verified
CUST0488,Customer_488,28,Female,Salem,Tamil Nadu,India,2021-06-14,Verified
CUST0489,Customer_489,25,Female,Nagpur,Maharashtra,India,2021-10-03,Verified
CUST0490,Customer_490,25,Male,Nagpur,Maharashtra,India,2018-07-25,Verified
CUST0491,Customer_491,28,Female,Ahmedabad,Gujarat,India,2021-10-27,Verified
CUST0492,Customer_492,32,Male,Jaipur,Rajasthan,India,2020-04-13,Pending
CUST0493,Customer_493,40,Male,Pune,Maharashtra,India,2019-10-20,Verified
CUST0494,Customer_494,63,Female,Madurai,Tamil Nadu,India,2021-03-21,Rejected
CUST0495,Customer_495,33,Female,Coimbatore,Tamil Nadu,India,2020-05-05,Verified
CUST0496,Customer_496,53,Male,Mysuru,Karnataka,India,2019-01-17,Verified
CUST0497,Customer_497,41,Female,Chennai,Tamil Nadu,India,2021-03-09,Verified
CUST0498,Customer_498,40,Female,Lucknow,Uttar Pradesh,India,2020-07-19,Rejected
CUST0499,Customer_499,30,Female,Ahmedabad,Gujarat,India,2022-10-09,Pending
CUST0500,Customer_500,34,Male,Delhi,Delhi,India,2022-07-15,Verified
